{
	"info": {
		"_postman_id": "7e99a7a0-cf5d-40b5-bb2d-4f57593846b3",
		"name": "Hackathon",
		"schema": "https://schema.getpostman.com/json/collection/v2.1.0/collection.json"
	},
	"item": [
		{
			"name": "Agent",
			"item": [
				{
					"name": "GETAGENTS",
					"request": {
						"method": "GET",
						"header": [],
						"url": {
							"raw": "http://localhost:3000/api/agents",
							"protocol": "http",
							"host": [
								"localhost"
							],
							"port": "3000",
							"path": [
								"api",
								"agents"
							]
						}
					},
					"response": []
				},
				{
					"name": "GETAGENT",
					"request": {
						"method": "GET",
						"header": [],
						"url": {
							"raw": "http://localhost:3000/api/agent/AGENT0",
							"protocol": "http",
							"host": [
								"localhost"
							],
							"port": "3000",
							"path": [
								"api",
								"agent",
								"AGENT0"
							]
						}
					},
					"response": []
				},
				{
					"name": "POSTAGENT",
					"request": {
						"method": "POST",
						"header": [],
						"url": {
							"raw": "http://localhost:3000/api/addAgent",
							"protocol": "http",
							"host": [
								"localhost"
							],
							"port": "3000",
							"path": [
								"api",
								"addAgent"
							]
						}
					},
					"response": []
				},
				{
					"name": "PUTAGENT",
					"request": {
						"method": "PUT",
						"header": [],
						"url": {
							"raw": "http://localhost:3000/api/changeAgent/AGENT0",
							"protocol": "http",
							"host": [
								"localhost"
							],
							"port": "3000",
							"path": [
								"api",
								"changeAgent",
								"AGENT0"
							]
						}
					},
					"response": []
				}
			]
		},
		{
			"name": "Skill",
			"item": [
				{
					"name": "GETSKILLS",
					"request": {
						"method": "GET",
						"header": [],
						"url": {
							"raw": "http://localhost:3000/api/skills",
							"protocol": "http",
							"host": [
								"localhost"
							],
							"port": "3000",
							"path": [
								"api",
								"skills"
							]
						}
					},
					"response": []
				},
				{
					"name": "GETSKILL",
					"request": {
						"method": "GET",
						"header": [],
						"url": {
							"raw": "http://localhost:3000/api/skill/SKILL0",
							"protocol": "http",
							"host": [
								"localhost"
							],
							"port": "3000",
							"path": [
								"api",
								"skill",
								"SKILL0"
							]
						}
					},
					"response": []
				},
				{
					"name": "POSTSKILL",
					"request": {
						"method": "POST",
						"header": [],
						"url": {
							"raw": "http://localhost:3000/api/addpProject",
							"protocol": "http",
							"host": [
								"localhost"
							],
							"port": "3000",
							"path": [
								"api",
								"addpProject"
							]
						}
					},
					"response": []
				},
				{
					"name": "PUTSKILL",
					"request": {
						"method": "PUT",
						"header": [],
						"url": {
							"raw": "http://localhost:3000/api/changeSkill/SKILL0",
							"protocol": "http",
							"host": [
								"localhost"
							],
							"port": "3000",
							"path": [
								"api",
								"changeSkill",
								"SKILL0"
							]
						}
					},
					"response": []
				}
			]
		},
		{
			"name": "Diploma",
			"item": [
				{
					"name": "GETDIPLOMAS",
					"request": {
						"method": "GET",
						"header": [],
						"url": {
							"raw": "http://localhost:3000/api/diplomas",
							"protocol": "http",
							"host": [
								"localhost"
							],
							"port": "3000",
							"path": [
								"api",
								"diplomas"
							]
						}
					},
					"response": []
				},
				{
					"name": "GETDIPLOMA",
					"request": {
						"method": "GET",
						"header": [],
						"url": {
							"raw": "http://localhost:3000/api/diploma/DIPLOMA0",
							"protocol": "http",
							"host": [
								"localhost"
							],
							"port": "3000",
							"path": [
								"api",
								"diploma",
								"DIPLOMA0"
							]
						}
					},
					"response": []
				},
				{
					"name": "POSTDIPLOMA",
					"request": {
						"method": "POST",
						"header": [
							{
								"key": "Content-Type",
								"name": "Content-Type",
								"value": "application/json",
								"type": "text"
							}
						],
						"body": {
							"mode": "raw",
							"raw": "{\n\t\"diplomaid\": \"DIPLOMA0\",\n\t\"username\": \"test1\",\n\t\"diplomaname\": \"Master Mathématique\"\n}"
						},
						"url": {
							"raw": "http://localhost:3000/api/addDiploma",
							"protocol": "http",
							"host": [
								"localhost"
							],
							"port": "3000",
							"path": [
								"api",
								"addDiploma"
							]
						}
					},
					"response": []
				},
				{
					"name": "PUTDIPLOMA",
					"request": {
						"method": "PUT",
						"header": [
							{
								"key": "Content-Type",
								"name": "Content-Type",
								"value": "application/json",
								"type": "text"
							}
						],
						"body": {
							"mode": "raw",
							"raw": "{\n\t\"username\": \"test1\",\n\t\"diplomaname\": \"Master Mathématique2\"\n}"
						},
						"url": {
							"raw": "http://localhost:3000/api/changeDiploma/DIPLOMA0",
							"protocol": "http",
							"host": [
								"localhost"
							],
							"port": "3000",
							"path": [
								"api",
								"changeDiploma",
								"DIPLOMA0"
							]
						}
					},
					"response": []
				}
			]
		},
		{
			"name": "Project",
			"item": [
				{
					"name": "GETPROJECTS",
					"request": {
						"method": "GET",
						"header": [],
						"url": {
							"raw": "http://localhost:3000/api/projects",
							"protocol": "http",
							"host": [
								"localhost"
							],
							"port": "3000",
							"path": [
								"api",
								"projects"
							]
						}
					},
					"response": []
				},
				{
					"name": "GETPROJECT",
					"request": {
						"method": "GET",
						"header": [],
						"url": {
							"raw": "http://localhost:3000/api/project/PROJECT0",
							"protocol": "http",
							"host": [
								"localhost"
							],
							"port": "3000",
							"path": [
								"api",
								"project",
								"PROJECT0"
							]
						}
					},
					"response": []
				},
				{
					"name": "POSTPROJECT",
					"request": {
						"method": "POST",
						"header": [],
						"url": {
							"raw": ""
						}
					},
					"response": []
				},
				{
					"name": "PUTPROJECT",
					"request": {
						"method": "PUT",
						"header": [],
						"url": {
							"raw": "http://localhost:3000/api/changeProject/PROJECT0",
							"protocol": "http",
							"host": [
								"localhost"
							],
							"port": "3000",
							"path": [
								"api",
								"changeProject",
								"PROJECT0"
							]
						}
					},
					"response": []
				}
			]
		},
		{
			"name": "Participant",
			"item": [
				{
					"name": "GETPARTICIPANTS",
					"request": {
						"method": "GET",
						"header": [],
						"url": {
							"raw": "http://localhost:3000/api/participants",
							"protocol": "http",
							"host": [
								"localhost"
							],
							"port": "3000",
							"path": [
								"api",
								"participants"
							]
						}
					},
					"response": []
				},
				{
					"name": "GETPARTICIPANT",
					"request": {
						"method": "GET",
						"header": [],
						"url": {
							"raw": "http://localhost:3000/api/participant/PARTICIPANT0",
							"protocol": "http",
							"host": [
								"localhost"
							],
							"port": "3000",
							"path": [
								"api",
								"participant",
								"PARTICIPANT0"
							]
						}
					},
					"response": []
				},
				{
					"name": "POSTPARTICIPANT",
					"request": {
						"method": "POST",
						"header": [
							{
								"key": "Content-Type",
								"name": "Content-Type",
								"value": "application/json",
								"type": "text"
							}
						],
						"body": {
							"mode": "raw",
							"raw": "{\n\t\"username\": \"\"\n}"
						},
						"url": {
							"raw": "http://localhost:3000/api/addParticipant",
							"protocol": "http",
							"host": [
								"localhost"
							],
							"port": "3000",
							"path": [
								"api",
								"addParticipant"
							]
						}
					},
					"response": []
				},
				{
					"name": "PUTPARTICIPANT",
					"request": {
						"method": "PUT",
						"header": [],
						"url": {
							"raw": "http://localhost:3000/api/changeParticipant/PARTICIPANT0",
							"protocol": "http",
							"host": [
								"localhost"
							],
							"port": "3000",
							"path": [
								"api",
								"changeParticipant",
								"PARTICIPANT0"
							]
						}
					},
					"response": []
				}
			]
		},
		{
			"name": "Projectskill",
			"item": [
				{
					"name": "GETPROJECTSKILLS",
					"request": {
						"method": "GET",
						"header": [],
						"url": {
							"raw": "http://localhost:3000/api/projectskills",
							"protocol": "http",
							"host": [
								"localhost"
							],
							"port": "3000",
							"path": [
								"api",
								"projectskills"
							]
						}
					},
					"response": []
				},
				{
					"name": "GETPROJECTSKILL",
					"request": {
						"method": "GET",
						"header": [],
						"url": {
							"raw": "http://localhost:3000/api/projectskill/PROJECTSKILL0",
							"protocol": "http",
							"host": [
								"localhost"
							],
							"port": "3000",
							"path": [
								"api",
								"projectskill",
								"PROJECTSKILL0"
							]
						}
					},
					"response": []
				},
				{
					"name": "POSTPROJECTSKILL",
					"request": {
						"method": "POST",
						"header": [],
						"url": {
							"raw": "http://localhost:3000/api/addProjectskill",
							"protocol": "http",
							"host": [
								"localhost"
							],
							"port": "3000",
							"path": [
								"api",
								"addProjectskill"
							]
						}
					},
					"response": []
				},
				{
					"name": "PUTPROJECTSKILL",
					"request": {
						"method": "PUT",
						"header": [],
						"url": {
							"raw": "http://localhost:3000/api/changeProjectskill/PROJECTSKILL0",
							"protocol": "http",
							"host": [
								"localhost"
							],
							"port": "3000",
							"path": [
								"api",
								"changeProjectskill",
								"PROJECTSKILL0"
							]
						}
					},
					"response": []
				}
			]
		},
		{
			"name": "DELETE",
			"request": {
				"method": "DELETE",
				"header": [],
				"url": {
					"raw": ""
				}
			},
			"response": []
		}
	]
}